Phase;Total elapsed time (s);Phase elapsed time (s);Vehicle speed (km/h);Acceleration (m/s²);Acceleration (km/h/s)
Low;0;0;0;0;0
Low;1;1;0;0;0
Low;2;2;0;0;0
Low;3;3;0;0;0
Low;4;4;0;0;0
Low;5;5;0;0;0
Low;6;6;0;0;0
Low;7;7;0;0;0
Low;8;8;0;0;0
Low;9;9;0;0;0
Low;10;10;0;0;0
Low;11;11;0;0,03;0,1
Low;12;12;0,2;0,24;0,85
Low;13;13;1,7;0,72;2,6
Low;14;14;5,4;1,14;4,1
Low;15;15;9,9;1,07;3,85
Low;16;16;13,1;0,97;3,5
Low;17;17;16,9;1,19;4,3
Low;18;18;21,7;1,26;4,55
Low;19;19;26;0,81;2,9
Low;20;20;27,5;0,29;1,05
Low;21;21;28,1;0,11;0,4
Low;22;22;28,3;0,1;0,35
Low;23;23;28,8;0,11;0,4
Low;24;24;29,1;0,28;1
Low;25;25;30,8;0,39;1,4
Low;26;26;31,9;0,46;1,65
Low;27;27;34,1;0,65;2,35
Low;28;28;36,6;0,69;2,5
Low;29;29;39,1;0,65;2,35
Low;30;30;41,3;0,47;1,7
Low;31;31;42,5;0,28;1
Low;32;32;43,3;0,19;0,7
Low;33;33;43,9;0,15;0,55
Low;34;34;44,4;0,08;0,3
Low;35;35;44,5;-0,03;-0,1
Low;36;36;44,2;-0,25;-0,9
Low;37;37;42,7;-0,6;-2,15
Low;38;38;39,9;-0,79;-2,85
Low;39;39;37;-0,74;-2,65
Low;40;40;34,6;-0,65;-2,35
Low;41;41;32,3;-0,78;-2,8
Low;42;42;29;-1;-3,6
Low;43;43;25,1;-0,94;-3,4
Low;44;44;22,2;-0,58;-2,1
Low;45;45;20,9;-0,25;-0,9
Low;46;46;20,4;-0,19;-0,7
Low;47;47;19,5;-0,28;-1
Low;48;48;18,4;-0,24;-0,85
Low;49;49;17,8;-0,08;-0,3
Low;50;50;17,8;-0,06;-0,2
Low;51;51;17,4;-0,29;-1,05
Low;52;52;15,7;-0,6;-2,15
Low;53;53;13,1;-0,5;-1,8
Low;54;54;12,1;-0,15;-0,55
Low;55;55;12;-0,01;-0,05
Low;56;56;12;0;0
Low;57;57;12;0,04;0,15
Low;58;58;12,3;0,08;0,3
Low;59;59;12,6;0,33;1,2
Low;60;60;14,7;0,38;1,35
Low;61;61;15,3;0,17;0,6
Low;62;62;15,9;0,13;0,45
Low;63;63;16,2;0,17;0,6
Low;64;64;17,1;0,22;0,8
Low;65;65;17,8;0,14;0,5
Low;66;66;18,1;0,08;0,3
Low;67;67;18,4;0,31;1,1
Low;68;68;20,3;0,67;2,4
Low;69;69;23,2;0,86;3,1
Low;70;70;26,5;0,92;3,3
Low;71;71;29,8;0,85;3,05
Low;72;72;32,6;0,64;2,3
Low;73;73;34,4;0,4;1,45
Low;74;74;35,5;0,28;1
Low;75;75;36,4;0,26;0,95
Low;76;76;37,4;0,29;1,05
Low;77;77;38,5;0,26;0,95
Low;78;78;39,3;0,14;0,5
Low;79;79;39,5;-0,04;-0,15
Low;80;80;39;-0,14;-0,5
Low;81;81;38,5;-0,24;-0,85
Low;82;82;37,3;-0,21;-0,75
Low;83;83;37;-0,08;-0,3
Low;84;84;36,7;-0,15;-0,55
Low;85;85;35,9;-0,19;-0,7
Low;86;86;35,3;-0,18;-0,65
Low;87;87;34,6;-0,15;-0,55
Low;88;88;34,2;-0,38;-1,35
Low;89;89;31,9;-0,96;-3,45
Low;90;90;27,3;-1,38;-4,95
Low;91;91;22;-1,43;-5,15
Low;92;92;17;-1,08;-3,9
Low;93;93;14,2;-0,69;-2,5
Low;94;94;12;-0,71;-2,55
Low;95;95;9,1;-0,86;-3,1
Low;96;96;5,8;-0,76;-2,75
Low;97;97;3,6;-0,5;-1,8
Low;98;98;2,2;-0,5;-1,8
Low;99;99;0;-0,31;-1,1
Low;100;100;0;0;0
Low;101;101;0;0;0
Low;102;102;0;0;0
Low;103;103;0;0;0
Low;104;104;0;0;0
Low;105;105;0;0;0
Low;106;106;0;0;0
Low;107;107;0;0;0
Low;108;108;0;0;0
Low;109;109;0;0;0
Low;110;110;0;0;0
Low;111;111;0;0;0
Low;112;112;0;0;0
Low;113;113;0;0;0
Low;114;114;0;0;0
Low;115;115;0;0;0
Low;116;116;0;0;0
Low;117;117;0;0;0
Low;118;118;0;0;0
Low;119;119;0;0;0
Low;120;120;0;0;0
Low;121;121;0;0;0
Low;122;122;0;0;0
Low;123;123;0;0;0
Low;124;124;0;0;0
Low;125;125;0;0;0
Low;126;126;0;0;0
Low;127;127;0;0;0
Low;128;128;0;0;0
Low;129;129;0;0;0
Low;130;130;0;0;0
Low;131;131;0;0;0
Low;132;132;0;0;0
Low;133;133;0;0;0
Low;134;134;0;0;0
Low;135;135;0;0;0
Low;136;136;0;0;0
Low;137;137;0;0,03;0,1
Low;138;138;0,2;0,26;0,95
Low;139;139;1,9;0,82;2,95
Low;140;140;6,1;1,36;4,9
Low;141;141;11,7;1,43;5,15
Low;142;142;16,4;1;3,6
Low;143;143;18,9;0,49;1,75
Low;144;144;19,9;0,26;0,95
Low;145;145;20,8;0,4;1,45
Low;146;146;22,8;0,64;2,3
Low;147;147;25,4;0,68;2,45
Low;148;148;27,7;0,53;1,9
Low;149;149;29,2;0,29;1,05
Low;150;150;29,8;0,03;0,1
Low;151;151;29,4;-0,36;-1,3
Low;152;152;27,2;-0,94;-3,4
Low;153;153;22,6;-1,38;-4,95
Low;154;154;17,3;-1,29;-4,65
Low;155;155;13,3;-0,74;-2,65
Low;156;156;12;-0,1;-0,35
Low;157;157;12,6;0,29;1,05
Low;158;158;14,1;0,64;2,3
Low;159;159;17,2;0,83;3
Low;160;160;20,1;0,86;3,1
Low;161;161;23,4;0,75;2,7
Low;162;162;25,5;0,58;2,1
Low;163;163;27,6;0,56;2
Low;164;164;29,5;0,49;1,75
Low;165;165;31,1;0,36;1,3
Low;166;166;32,1;0,29;1,05
Low;167;167;33,2;0,43;1,55
Low;168;168;35,2;0,56;2
Low;169;169;37,2;0,39;1,4
Low;170;170;38;0,03;0,1
Low;171;171;37,4;-0,4;-1,45
Low;172;172;35,1;-0,89;-3,2
Low;173;173;31;-1,11;-4
Low;174;174;27,1;-0,79;-2,85
Low;175;175;25,3;-0,28;-1
Low;176;176;25,1;0,08;0,3
Low;177;177;25,9;0,38;1,35
Low;178;178;27,8;0,46;1,65
Low;179;179;29,2;0,25;0,9
Low;180;180;29,6;0,04;0,15
Low;181;181;29,5;-0,06;-0,2
Low;182;182;29,2;-0,17;-0,6
Low;183;183;28,3;-0,43;-1,55
Low;184;184;26,1;-0,65;-2,35
Low;185;185;23,6;-0,71;-2,55
Low;186;186;21;-0,65;-2,35
Low;187;187;18,9;-0,54;-1,95
Low;188;188;17,1;-0,44;-1,6
Low;189;189;15,7;-0,36;-1,3
Low;190;190;14,5;-0,28;-1
Low;191;191;13,7;-0,22;-0,8
Low;192;192;12,9;-0,17;-0,6
Low;193;193;12,5;-0,1;-0,35
Low;194;194;12,2;-0,07;-0,25
Low;195;195;12;-0,03;-0,1
Low;196;196;12;0;0
Low;197;197;12;0;0
Low;198;198;12;0,07;0,25
Low;199;199;12,5;0,14;0,5
Low;200;200;13;0,21;0,75
Low;201;201;14;0,28;1
Low;202;202;15;0,35;1,25
Low;203;203;16,5;0,56;2
Low;204;204;19;0,65;2,35
Low;205;205;21,2;0,67;2,4
Low;206;206;23,8;0,79;2,85
Low;207;207;26,9;0,81;2,9
Low;208;208;29,6;0,71;2,55
Low;209;209;32;0,78;2,8
Low;210;210;35,2;0,76;2,75
Low;211;211;37,5;0,56;2
Low;212;212;39,2;0,42;1,5
Low;213;213;40,5;0,33;1,2
Low;214;214;41,6;0,36;1,3
Low;215;215;43,1;0,47;1,7
Low;216;216;45;0,56;2
Low;217;217;47,1;0,56;2
Low;218;218;49;0,49;1,75
Low;219;219;50,6;0,39;1,4
Low;220;220;51,8;0,29;1,05
Low;221;221;52,7;0,18;0,65
Low;222;222;53,1;0,11;0,4
Low;223;223;53,5;0,1;0,35
Low;224;224;53,8;0,1;0,35
Low;225;225;54,2;0,14;0,5
Low;226;226;54,8;0,15;0,55
Low;227;227;55,3;0,14;0,5
Low;228;228;55,8;0,13;0,45
Low;229;229;56,2;0,1;0,35
Low;230;230;56,5;0,04;0,15
Low;231;231;56,5;-0,04;-0,15
Low;232;232;56,2;-0,22;-0,8
Low;233;233;54,9;-0,46;-1,65
Low;234;234;52,9;-0,54;-1,95
Low;235;235;51;-0,43;-1,55
Low;236;236;49,8;-0,25;-0,9
Low;237;237;49,2;-0,19;-0,7
Low;238;238;48,4;-0,32;-1,15
Low;239;239;46,9;-0,57;-2,05
Low;240;240;44,3;-0,75;-2,7
Low;241;241;41,5;-0,67;-2,4
Low;242;242;39,5;-0,63;-2,25
Low;243;243;37;-0,68;-2,45
Low;244;244;34,6;-0,65;-2,35
Low;245;245;32,3;-0,78;-2,8
Low;246;246;29;-1;-3,6
Low;247;247;25,1;-0,94;-3,4
Low;248;248;22,2;-0,58;-2,1
Low;249;249;20,9;-0,25;-0,9
Low;250;250;20,4;-0,19;-0,7
Low;251;251;19,5;-0,28;-1
Low;252;252;18,4;-0,24;-0,85
Low;253;253;17,8;-0,08;-0,3
Low;254;254;17,8;-0,06;-0,2
Low;255;255;17,4;-0,29;-1,05
Low;256;256;15,7;-0,4;-1,45
Low;257;257;14,5;-0,04;-0,15
Low;258;258;15,4;0,47;1,7
Low;259;259;17,9;0,72;2,6
Low;260;260;20,6;0,74;2,65
Low;261;261;23,2;0,71;2,55
Low;262;262;25,7;0,76;2,75
Low;263;263;28,7;0,94;3,4
Low;264;264;32,5;1,03;3,7
Low;265;265;36,1;0,9;3,25
Low;266;266;39;0,65;2,35
Low;267;267;40,8;0,54;1,95
Low;268;268;42,9;0,5;1,8
Low;269;269;44,4;0,42;1,5
Low;270;270;45,9;0,22;0,8
Low;271;271;46;-0,04;-0,15
Low;272;272;45,6;-0,1;-0,35
Low;273;273;45,3;-0,26;-0,95
Low;274;274;43,7;-0,63;-2,25
Low;275;275;40,8;-0,79;-2,85
Low;276;276;38;-0,89;-3,2
Low;277;277;34,4;-0,99;-3,55
Low;278;278;30,9;-1,24;-4,45
Low;279;279;25,5;-1,32;-4,75
Low;280;280;21,4;-0,74;-2,65
Low;281;281;20,2;0,21;0,75
Low;282;282;22,9;0,89;3,2
Low;283;283;26,6;1,01;3,65
Low;284;284;30,2;1,04;3,75
Low;285;285;34,1;1;3,6
Low;286;286;37,4;0,92;3,3
Low;287;287;40,7;0,92;3,3
Low;288;288;44;0,92;3,3
Low;289;289;47,3;0,72;2,6
Low;290;290;49,2;0,35;1,25
Low;291;291;49,8;0;0
Low;292;292;49,2;-0,24;-0,85
Low;293;293;48,1;-0,26;-0,95
Low;294;294;47,3;-0,18;-0,65
Low;295;295;46,8;-0,08;-0,3
Low;296;296;46,7;0;0
Low;297;297;46,8;0,06;0,2
Low;298;298;47,1;0,07;0,25
Low;299;299;47,3;0,03;0,1
Low;300;300;47,3;-0,03;-0,1
Low;301;301;47,1;-0,1;-0,35
Low;302;302;46,6;-0,18;-0,65
Low;303;303;45,8;-0,25;-0,9
Low;304;304;44,8;-0,35;-1,25
Low;305;305;43,3;-0,42;-1,5
Low;306;306;41,8;-0,35;-1,25
Low;307;307;40,8;-0,21;-0,75
Low;308;308;40,3;-0,1;-0,35
Low;309;309;40,1;-0,08;-0,3
Low;310;310;39,7;-0,13;-0,45
Low;311;311;39,2;-0,17;-0,6
Low;312;312;38,5;-0,25;-0,9
Low;313;313;37,4;-0,35;-1,25
Low;314;314;36;-0,42;-1,5
Low;315;315;34,4;-0,42;-1,5
Low;316;316;33;-0,38;-1,35
Low;317;317;31,7;-0,42;-1,5
Low;318;318;30;-0,51;-1,85
Low;319;319;28;-0,54;-1,95
Low;320;320;26,1;-0,33;-1,2
Low;321;321;25,6;-0,17;-0,6
Low;322;322;24,9;-0,1;-0,35
Low;323;323;24,9;-0,08;-0,3
Low;324;324;24,3;-0,14;-0,5
Low;325;325;23,9;-0,06;-0,2
Low;326;326;23,9;-0,04;-0,15
Low;327;327;23,6;-0,08;-0,3
Low;328;328;23,3;-0,43;-1,55
Low;329;329;20,5;-0,81;-2,9
Low;330;330;17,5;-0,5;-1,8
Low;331;331;16,9;-0,11;-0,4
Low;332;332;16,7;-0,14;-0,5
Low;333;333;15,9;-0,15;-0,55
Low;334;334;15,6;-0,13;-0,45
Low;335;335;15;-0,15;-0,55
Low;336;336;14,5;-0,1;-0,35
Low;337;337;14,3;0;0
Low;338;338;14,5;0,15;0,55
Low;339;339;15,4;0,46;1,65
Low;340;340;17,8;0,79;2,85
Low;341;341;21,1;0,88;3,15
Low;342;342;24,1;0,54;1,95
Low;343;343;25;0,17;0,6
Low;344;344;25,3;0,07;0,25
Low;345;345;25,5;0,15;0,55
Low;346;346;26,4;0,15;0,55
Low;347;347;26,6;0,1;0,35
Low;348;348;27,1;0,15;0,55
Low;349;349;27,7;0,14;0,5
Low;350;350;28,1;0,07;0,25
Low;351;351;28,2;0;0
Low;352;352;28,1;-0,03;-0,1
Low;353;353;28;-0,03;-0,1
Low;354;354;27,9;-0,01;-0,05
Low;355;355;27,9;0,03;0,1
Low;356;356;28,1;0,04;0,15
Low;357;357;28,2;-0,01;-0,05
Low;358;358;28;-0,18;-0,65
Low;359;359;26,9;-0,42;-1,5
Low;360;360;25;-0,51;-1,85
Low;361;361;23,2;-0,43;-1,55
Low;362;362;21,9;-0,29;-1,05
Low;363;363;21,1;-0,17;-0,6
Low;364;364;20,7;-0,06;-0,2
Low;365;365;20,7;0,01;0,05
Low;366;366;20,8;0,07;0,25
Low;367;367;21,2;0,18;0,65
Low;368;368;22,1;0,32;1,15
Low;369;369;23,5;0,31;1,1
Low;370;370;24,3;0,14;0,5
Low;371;371;24,5;-0,07;-0,25
Low;372;372;23,8;-0,44;-1,6
Low;373;373;21,3;-0,85;-3,05
Low;374;374;17,7;-0,96;-3,45
Low;375;375;14,4;-0,81;-2,9
Low;376;376;11,9;-0,58;-2,1
Low;377;377;10,2;-0,42;-1,5
Low;378;378;8,9;-0,31;-1,1
Low;379;379;8;-0,24;-0,85
Low;380;380;7,2;-0,26;-0,95
Low;381;381;6,1;-0,32;-1,15
Low;382;382;4,9;-0,33;-1,2
Low;383;383;3,7;-0,36;-1,3
Low;384;384;2,3;-0,39;-1,4
Low;385;385;0,9;-0,32;-1,15
Low;386;386;0;-0,13;-0,45
Low;387;387;0;0;0
Low;388;388;0;0;0
Low;389;389;0;0;0
Low;390;390;0;0;0
Low;391;391;0;0,07;0,25
Low;392;392;0,5;0,29;1,05
Low;393;393;2,1;0,6;2,15
Low;394;394;4,8;0,86;3,1
Low;395;395;8,3;1,04;3,75
Low;396;396;12,3;1,15;4,15
Low;397;397;16,6;1,19;4,3
Low;398;398;20,9;1,06;3,8
Low;399;399;24,2;0,65;2,35
Low;400;400;25,6;0,19;0,7
Low;401;401;25,6;-0,1;-0,35
Low;402;402;24,9;-0,32;-1,15
Low;403;403;23,3;-0,46;-1,65
Low;404;404;21,6;-0,43;-1,55
Low;405;405;20,2;-0,4;-1,45
Low;406;406;18,7;-0,44;-1,6
Low;407;407;17;-0,47;-1,7
Low;408;408;15,3;-0,39;-1,4
Low;409;409;14,2;-0,19;-0,7
Low;410;410;13,9;-0,03;-0,1
Low;411;411;14;0,04;0,15
Low;412;412;14,2;0,07;0,25
Low;413;413;14,5;0,1;0,35
Low;414;414;14,9;0,19;0,7
Low;415;415;15,9;0,35;1,25
Low;416;416;17,4;0,39;1,4
Low;417;417;18,7;0,24;0,85
Low;418;418;19,1;0,01;0,05
Low;419;419;18,8;-0,21;-0,75
Low;420;420;17,6;-0,31;-1,1
Low;421;421;16,6;-0,19;-0,7
Low;422;422;16,2;-0,03;-0,1
Low;423;423;16,4;0,14;0,5
Low;424;424;17,2;0,38;1,35
Low;425;425;19,1;0,75;2,7
Low;426;426;22,6;1,15;4,15
Low;427;427;27,4;1,25;4,5
Low;428;428;31,6;0,83;3
Low;429;429;33,4;0,26;0,95
Low;430;430;33,5;-0,08;-0,3
Low;431;431;32,8;-0,22;-0,8
Low;432;432;31,9;-0,21;-0,75
Low;433;433;31,3;-0,11;-0,4
Low;434;434;31,1;-0,1;-0,35
Low;435;435;30,6;-0,26;-0,95
Low;436;436;29,2;-0,54;-1,95
Low;437;437;26,7;-0,86;-3,1
Low;438;438;23;-1,18;-4,25
Low;439;439;18,2;-1,4;-5,05
Low;440;440;12,9;-1,46;-5,25
Low;441;441;7,7;-1,26;-4,55
Low;442;442;3,8;-0,89;-3,2
Low;443;443;1,3;-0,5;-1,8
Low;444;444;0,2;-0,18;-0,65
Low;445;445;0;-0,03;-0,1
Low;446;446;0;0;0
Low;447;447;0;0;0
Low;448;448;0;0;0
Low;449;449;0;0;0
Low;450;450;0;0;0
Low;451;451;0;0;0
Low;452;452;0;0;0
Low;453;453;0;0;0
Low;454;454;0;0;0
Low;455;455;0;0;0
Low;456;456;0;0;0
Low;457;457;0;0;0
Low;458;458;0;0;0
Low;459;459;0;0;0
Low;460;460;0;0;0
Low;461;461;0;0;0
Low;462;462;0;0;0
Low;463;463;0;0;0
Low;464;464;0;0;0
Low;465;465;0;0;0
Low;466;466;0;0;0
Low;467;467;0;0;0
Low;468;468;0;0;0
Low;469;469;0;0;0
Low;470;470;0;0;0
Low;471;471;0;0;0
Low;472;472;0;0;0
Low;473;473;0;0;0
Low;474;474;0;0;0
Low;475;475;0;0;0
Low;476;476;0;0;0
Low;477;477;0;0;0
Low;478;478;0;0;0
Low;479;479;0;0;0
Low;480;480;0;0;0
Low;481;481;0;0;0
Low;482;482;0;0;0
Low;483;483;0;0;0
Low;484;484;0;0;0
Low;485;485;0;0;0
Low;486;486;0;0;0
Low;487;487;0;0;0
Low;488;488;0;0;0
Low;489;489;0;0;0
Low;490;490;0;0;0
Low;491;491;0;0;0
Low;492;492;0;0;0
Low;493;493;0;0;0
Low;494;494;0;0;0
Low;495;495;0;0;0
Low;496;496;0;0;0
Low;497;497;0;0;0
Low;498;498;0;0;0
Low;499;499;0;0;0
Low;500;500;0;0;0
Low;501;501;0;0;0
Low;502;502;0;0;0
Low;503;503;0;0;0
Low;504;504;0;0;0
Low;505;505;0;0;0
Low;506;506;0;0;0
Low;507;507;0;0;0
Low;508;508;0;0;0
Low;509;509;0;0;0
Low;510;510;0;0;0
Low;511;511;0;0,07;0,25
Low;512;512;0,5;0,35;1,25
Low;513;513;2,5;0,85;3,05
Low;514;514;6,6;1,29;4,65
Low;515;515;11,8;1,42;5,1
Low;516;516;16,8;1,21;4,35
Low;517;517;20,5;0,71;2,55
Low;518;518;21,9;0,19;0,7
Low;519;519;21,9;-0,08;-0,3
Low;520;520;21,3;-0,22;-0,8
Low;521;521;20,3;-0,29;-1,05
Low;522;522;19,2;-0,35;-1,25
Low;523;523;17,8;-0,51;-1,85
Low;524;524;15,5;-0,82;-2,95
Low;525;525;11,9;-1,1;-3,95
Low;526;526;7,6;-1,1;-3,95
Low;527;527;4;-0,78;-2,8
Low;528;528;2;-0,42;-1,5
Low;529;529;1;-0,28;-1
Low;530;530;0;-0,14;-0,5
Low;531;531;0;0;0
Low;532;532;0;0,03;0,1
Low;533;533;0,2;0,17;0,6
Low;534;534;1,2;0,42;1,5
Low;535;535;3,2;0,56;2
Low;536;536;5,2;0,69;2,5
Low;537;537;8,2;1,08;3,9
Low;538;538;13;1,47;5,3
Low;539;539;18,8;1,4;5,05
Low;540;540;23,1;0,79;2,85
Low;541;541;24,5;0,19;0,7
Low;542;542;24,5;-0,03;-0,1
Low;543;543;24,3;-0,13;-0,45
Low;544;544;23,6;-0,28;-1
Low;545;545;22,3;-0,49;-1,75
Low;546;546;20,1;-0,53;-1,9
Low;547;547;18,5;-0,4;-1,45
Low;548;548;17,2;-0,31;-1,1
Low;549;549;16,3;-0,25;-0,9
Low;550;550;15,4;-0,22;-0,8
Low;551;551;14,7;-0,15;-0,55
Low;552;552;14,3;-0,14;-0,5
Low;553;553;13,7;-0,14;-0,5
Low;554;554;13,3;-0,08;-0,3
Low;555;555;13,1;-0,03;-0,1
Low;556;556;13,1;0,03;0,1
Low;557;557;13,3;0,1;0,35
Low;558;558;13,8;0,17;0,6
Low;559;559;14,5;0,38;1,35
Low;560;560;16,5;0,35;1,25
Low;561;561;17;0,07;0,25
Low;562;562;17;0;0
Low;563;563;17;-0,22;-0,8
Low;564;564;15,4;-0,96;-3,45
Low;565;565;10,1;-1,47;-5,3
Low;566;566;4,8;-1,4;-5,05
Low;567;567;0;-0,67;-2,4
Low;568;568;0;0;0
Low;569;569;0;0;0
Low;570;570;0;0;0
Low;571;571;0;0;0
Low;572;572;0;0;0
Low;573;573;0;0;0
Low;574;574;0;0;0
Low;575;575;0;0;0
Low;576;576;0;0;0
Low;577;577;0;0;0
Low;578;578;0;0;0
Low;579;579;0;0;0
Low;580;580;0;0;0
Low;581;581;0;0;0
Low;582;582;0;0;0
Low;583;583;0;0;0
Low;584;584;0;0;0
Low;585;585;0;0;0
Low;586;586;0;0;0
Low;587;587;0;0;0
Low;588;588;0;0;0
Low;589;589;0;0;0
Middle;590;1;0;0;0
Middle;591;2;0;0;0
Middle;592;3;0;0;0
Middle;593;4;0;0;0
Middle;594;5;0;0;0
Middle;595;6;0;0;0
Middle;596;7;0;0;0
Middle;597;8;0;0;0
Middle;598;9;0;0;0
Middle;599;10;0;0;0
Middle;600;11;0;0,14;0,5
Middle;601;12;1;0,29;1,05
Middle;602;13;2,1;0,53;1,9
Middle;603;14;4,8;0,97;3,5
Middle;604;15;9,1;1,31;4,7
Middle;605;16;14,2;1,49;5,35
Middle;606;17;19,8;1,57;5,65
Middle;607;18;25,5;1,49;5,35
Middle;608;19;30,5;1,29;4,65
Middle;609;20;34,8;1,15;4,15
Middle;610;21;38,8;1,13;4,05
Middle;611;22;42,9;1,06;3,8
Middle;612;23;46,4;0,75;2,7
Middle;613;24;48,3;0,32;1,15
Middle;614;25;48,7;0,03;0,1
Middle;615;26;48,5;-0,04;-0,15
Middle;616;27;48,4;-0,04;-0,15
Middle;617;28;48,2;-0,08;-0,3
Middle;618;29;47,8;-0,17;-0,6
Middle;619;30;47;-0,26;-0,95
Middle;620;31;45,9;-0,29;-1,05
Middle;621;32;44,9;-0,21;-0,75
Middle;622;33;44,4;-0,08;-0,3
Middle;623;34;44,3;0,01;0,05
Middle;624;35;44,5;0,11;0,4
Middle;625;36;45,1;0,17;0,6
Middle;626;37;45,7;0,13;0,45
Middle;627;38;46;0,04;0,15
Middle;628;39;46;0;0
Middle;629;40;46;0,01;0,05
Middle;630;41;46,1;0,1;0,35
Middle;631;42;46,7;0,22;0,8
Middle;632;43;47,7;0,31;1,1
Middle;633;44;48,9;0,36;1,3
Middle;634;45;50,3;0,38;1,35
Middle;635;46;51,6;0,32;1,15
Middle;636;47;52,6;0,19;0,7
Middle;637;48;53;0,06;0,2
Middle;638;49;53;-0,01;-0,05
Middle;639;50;52,9;-0,04;-0,15
Middle;640;51;52,7;-0,04;-0,15
Middle;641;52;52,6;0,06;0,2
Middle;642;53;53,1;0,24;0,85
Middle;643;54;54,3;0,29;1,05
Middle;644;55;55,2;0,17;0,6
Middle;645;56;55,5;0,1;0,35
Middle;646;57;55,9;0,11;0,4
Middle;647;58;56,3;0,11;0,4
Middle;648;59;56,7;0,08;0,3
Middle;649;60;56,9;0,01;0,05
Middle;650;61;56,8;-0,13;-0,45
Middle;651;62;56;-0,36;-1,3
Middle;652;63;54,2;-0,54;-1,95
Middle;653;64;52,1;-0,57;-2,05
Middle;654;65;50,1;-0,68;-2,45
Middle;655;66;47,2;-0,96;-3,45
Middle;656;67;43,2;-1,11;-4
Middle;657;68;39,2;-0,93;-3,35
Middle;658;69;36,5;-0,68;-2,45
Middle;659;70;34,3;-0,76;-2,75
Middle;660;71;31;-1,15;-4,15
Middle;661;72;26;-1,43;-5,15
Middle;662;73;20,7;-1,47;-5,3
Middle;663;74;15,4;-1,06;-3,8
Middle;664;75;13,1;-0,47;-1,7
Middle;665;76;12;-0,08;-0,3
Middle;666;77;12,5;0,28;1
Middle;667;78;14;0,9;3,25
Middle;668;79;19;1,28;4,6
Middle;669;80;23,2;1,25;4,5
Middle;670;81;28;1,22;4,4
Middle;671;82;32;0,83;3
Middle;672;83;34;0,56;2
Middle;673;84;36;0,56;2
Middle;674;85;38;0,56;2
Middle;675;86;40;0,32;1,15
Middle;676;87;40,3;0,07;0,25
Middle;677;88;40,5;-0,18;-0,65
Middle;678;89;39;-0,67;-2,4
Middle;679;90;35,7;-1;-3,6
Middle;680;91;31,8;-1,19;-4,3
Middle;681;92;27,1;-1,25;-4,5
Middle;682;93;22,8;-0,83;-3
Middle;683;94;21,1;-0,54;-1,95
Middle;684;95;18,9;-0,31;-1,1
Middle;685;96;18,9;0,33;1,2
Middle;686;97;21,3;0,69;2,5
Middle;687;98;23,9;0,64;2,3
Middle;688;99;25,9;0,63;2,25
Middle;689;100;28,4;0,61;2,2
Middle;690;101;30,3;0,35;1,25
Middle;691;102;30,9;0,11;0,4
Middle;692;103;31,1;0,13;0,45
Middle;693;104;31,8;0,22;0,8
Middle;694;105;32,7;0,19;0,7
Middle;695;106;33,2;-0,04;-0,15
Middle;696;107;32,4;-0,68;-2,45
Middle;697;108;28,3;-0,92;-3,3
Middle;698;109;25,8;-0,72;-2,6
Middle;699;110;23,1;-0,56;-2
Middle;700;111;21,8;-0,26;-0,95
Middle;701;112;21,2;-0,11;-0,4
Middle;702;113;21;-0,03;-0,1
Middle;703;114;21;-0,01;-0,05
Middle;704;115;20,9;-0,15;-0,55
Middle;705;116;19,9;-0,42;-1,5
Middle;706;117;17,9;-0,67;-2,4
Middle;707;118;15,1;-0,71;-2,55
Middle;708;119;12,8;-0,43;-1,55
Middle;709;120;12;0,06;0,2
Middle;710;121;13,2;0,71;2,55
Middle;711;122;17,1;1,1;3,95
Middle;712;123;21,1;0,65;2,35
Middle;713;124;21,8;0,01;0,05
Middle;714;125;21,2;-0,46;-1,65
Middle;715;126;18,5;-1,01;-3,65
Middle;716;127;13,9;-0,9;-3,25
Middle;717;128;12;-0,26;-0,95
Middle;718;129;12;0,14;0,5
Middle;719;130;13;0,56;2
Middle;720;131;16;0,76;2,75
Middle;721;132;18,5;0,64;2,3
Middle;722;133;20,6;0,56;2
Middle;723;134;22,5;0,47;1,7
Middle;724;135;24;0,57;2,05
Middle;725;136;26,6;0,82;2,95
Middle;726;137;29,9;1,14;4,1
Middle;727;138;34,8;1,1;3,95
Middle;728;139;37,8;0,75;2,7
Middle;729;140;40,2;0,53;1,9
Middle;730;141;41,6;0,24;0,85
Middle;731;142;41,9;0,06;0,2
Middle;732;143;42;0,04;0,15
Middle;733;144;42,2;0,06;0,2
Middle;734;145;42,4;0,07;0,25
Middle;735;146;42,7;0,1;0,35
Middle;736;147;43,1;0,14;0,5
Middle;737;148;43,7;0,13;0,45
Middle;738;149;44;0,06;0,2
Middle;739;150;44,1;0,18;0,65
Middle;740;151;45,3;0,32;1,15
Middle;741;152;46,4;0,26;0,95
Middle;742;153;47,2;0,13;0,45
Middle;743;154;47,3;0,03;0,1
Middle;744;155;47,4;0,01;0,05
Middle;745;156;47,4;0,01;0,05
Middle;746;157;47,5;0,07;0,25
Middle;747;158;47,9;0,15;0,55
Middle;748;159;48,6;0,21;0,75
Middle;749;160;49,4;0,17;0,6
Middle;750;161;49,8;0,06;0,2
Middle;751;162;49,8;-0,01;-0,05
Middle;752;163;49,7;-0,07;-0,25
Middle;753;164;49,3;-0,17;-0,6
Middle;754;165;48,5;-0,24;-0,85
Middle;755;166;47,6;-0,31;-1,1
Middle;756;167;46,3;-0,54;-1,95
Middle;757;168;43,7;-0,97;-3,5
Middle;758;169;39,3;-1,33;-4,8
Middle;759;170;34,1;-1,43;-5,15
Middle;760;171;29;-1,44;-5,2
Middle;761;172;23,7;-1,47;-5,3
Middle;762;173;18,4;-1,31;-4,7
Middle;763;174;14,3;-0,89;-3,2
Middle;764;175;12;-0,21;-0,75
Middle;765;176;12,8;0,56;2
Middle;766;177;16;0,88;3,15
Middle;767;178;19,1;0,89;3,2
Middle;768;179;22,4;0,9;3,25
Middle;769;180;25,6;1,07;3,85
Middle;770;181;30,1;1,35;4,85
Middle;771;182;35,3;1,36;4,9
Middle;772;183;39,9;1,28;4,6
Middle;773;184;44,5;1,06;3,8
Middle;774;185;47,5;0,89;3,2
Middle;775;186;50,9;0,92;3,3
Middle;776;187;54,1;0,75;2,7
Middle;777;188;56,3;0,56;2
Middle;778;189;58,1;0,49;1,75
Middle;779;190;59,8;0,42;1,5
Middle;780;191;61,1;0,32;1,15
Middle;781;192;62,1;0,24;0,85
Middle;782;193;62,8;0,17;0,6
Middle;783;194;63,3;0,11;0,4
Middle;784;195;63,6;0,1;0,35
Middle;785;196;64;0,15;0,55
Middle;786;197;64,7;0,17;0,6
Middle;787;198;65,2;0,08;0,3
Middle;788;199;65,3;0,01;0,05
Middle;789;200;65,3;0,01;0,05
Middle;790;201;65,4;0,06;0,2
Middle;791;202;65,7;0,08;0,3
Middle;792;203;66;-0,01;-0,05
Middle;793;204;65,6;-0,35;-1,25
Middle;794;205;63,5;-0,82;-2,95
Middle;795;206;59,7;-1,24;-4,45
Middle;796;207;54,6;-1,44;-5,2
Middle;797;208;49,3;-1,35;-4,85
Middle;798;209;44,9;-0,97;-3,5
Middle;799;210;42,3;-0,49;-1,75
Middle;800;211;41,4;-0,14;-0,5
Middle;801;212;41,3;0,1;0,35
Middle;802;213;42,1;0,47;1,7
Middle;803;214;44,7;0,88;3,15
Middle;804;215;48,4;0,93;3,35
Middle;805;216;51,4;0,6;2,15
Middle;806;217;52,7;0,22;0,8
Middle;807;218;53;-0,03;-0,1
Middle;808;219;52,5;-0,24;-0,85
Middle;809;220;51,3;-0,39;-1,4
Middle;810;221;49,7;-0,54;-1,95
Middle;811;222;47,4;-0,83;-3
Middle;812;223;43,7;-1,07;-3,85
Middle;813;224;39,7;-1,14;-4,1
Middle;814;225;35,5;-1,19;-4,3
Middle;815;226;31,1;-1,28;-4,6
Middle;816;227;26,3;-1,28;-4,6
Middle;817;228;21,9;-1,15;-4,15
Middle;818;229;18;-0,68;-2,45
Middle;819;230;17;0;0
Middle;820;231;18;0,61;2,2
Middle;821;232;21,4;0,94;3,4
Middle;822;233;24,8;0,9;3,25
Middle;823;234;27,9;0,83;3
Middle;824;235;30,8;0,71;2,55
Middle;825;236;33;0,6;2,15
Middle;826;237;35,1;0,57;2,05
Middle;827;238;37,1;0,53;1,9
Middle;828;239;38,9;0,6;2,15
Middle;829;240;41,4;0,71;2,55
Middle;830;241;44;0,68;2,45
Middle;831;242;46,3;0,51;1,85
Middle;832;243;47,7;0,26;0,95
Middle;833;244;48,2;0,14;0,5
Middle;834;245;48,7;0,15;0,55
Middle;835;246;49,3;0,15;0,55
Middle;836;247;49,8;0,13;0,45
Middle;837;248;50,2;0,15;0,55
Middle;838;249;50,9;0,22;0,8
Middle;839;250;51,8;0,22;0,8
Middle;840;251;52,5;0,21;0,75
Middle;841;252;53,3;0,28;1
Middle;842;253;54,5;0,33;1,2
Middle;843;254;55,7;0,28;1
Middle;844;255;56,5;0,15;0,55
Middle;845;256;56,8;0,07;0,25
Middle;846;257;57;0,06;0,2
Middle;847;258;57,2;0,1;0,35
Middle;848;259;57,7;0,21;0,75
Middle;849;260;58,7;0,33;1,2
Middle;850;261;60,1;0,33;1,2
Middle;851;262;61,1;0,22;0,8
Middle;852;263;61,7;0,17;0,6
Middle;853;264;62,3;0,17;0,6
Middle;854;265;62,9;0,14;0,5
Middle;855;266;63,3;0,07;0,25
Middle;856;267;63,4;0,03;0,1
Middle;857;268;63,5;0,15;0,55
Middle;858;269;64,5;0,32;1,15
Middle;859;270;65,8;0,32;1,15
Middle;860;271;66,8;0,22;0,8
Middle;861;272;67,4;0,28;1
Middle;862;273;68,8;0,51;1,85
Middle;863;274;71,1;0,49;1,75
Middle;864;275;72,3;0,24;0,85
Middle;865;276;72,8;0,15;0,55
Middle;866;277;73,4;0,25;0,9
Middle;867;278;74,6;0,36;1,3
Middle;868;279;76;0,28;1
Middle;869;280;76,6;0,07;0,25
Middle;870;281;76,5;-0,06;-0,2
Middle;871;282;76,2;-0,1;-0,35
Middle;872;283;75,8;-0,11;-0,4
Middle;873;284;75,4;-0,14;-0,5
Middle;874;285;74,8;-0,21;-0,75
Middle;875;286;73,9;-0,29;-1,05
Middle;876;287;72,7;-0,36;-1,3
Middle;877;288;71,3;-0,32;-1,15
Middle;878;289;70,4;-0,18;-0,65
Middle;879;290;70;-0,06;-0,2
Middle;880;291;70;-0,14;-0,5
Middle;881;292;69;-0,28;-1
Middle;882;293;68;-0,14;-0,5
Middle;883;294;68;0;0
Middle;884;295;68;0,01;0,05
Middle;885;296;68,1;0,06;0,2
Middle;886;297;68,4;0,07;0,25
Middle;887;298;68,6;0,04;0,15
Middle;888;299;68,7;-0,01;-0,05
Middle;889;300;68,5;-0,08;-0,3
Middle;890;301;68,1;-0,17;-0,6
Middle;891;302;67,3;-0,26;-0,95
Middle;892;303;66,2;-0,35;-1,25
Middle;893;304;64,8;-0,36;-1,3
Middle;894;305;63,6;-0,31;-1,1
Middle;895;306;62,6;-0,21;-0,75
Middle;896;307;62,1;-0,1;-0,35
Middle;897;308;61,9;-0,03;-0,1
Middle;898;309;61,9;-0,01;-0,05
Middle;899;310;61,8;-0,06;-0,2
Middle;900;311;61,5;-0,13;-0,45
Middle;901;312;60,9;-0,25;-0,9
Middle;902;313;59,7;-0,88;-3,15
Middle;903;314;54,6;-1,44;-5,2
Middle;904;315;49,3;-1,35;-4,85
Middle;905;316;44,9;-0,97;-3,5
Middle;906;317;42,3;-0,49;-1,75
Middle;907;318;41,4;-0,14;-0,5
Middle;908;319;41,3;0,1;0,35
Middle;909;320;42,1;0,47;1,7
Middle;910;321;44,7;0,88;3,15
Middle;911;322;48,4;0,93;3,35
Middle;912;323;51,4;0,6;2,15
Middle;913;324;52,7;0,36;1,3
Middle;914;325;54;0,6;2,15
Middle;915;326;57;0,57;2,05
Middle;916;327;58,1;0,31;1,1
Middle;917;328;59,2;0,13;0,45
Middle;918;329;59;-0,01;-0,05
Middle;919;330;59,1;0,07;0,25
Middle;920;331;59,5;0,19;0,7
Middle;921;332;60,5;0,39;1,4
Middle;922;333;62,3;0,47;1,7
Middle;923;334;63,9;0,39;1,4
Middle;924;335;65,1;0,03;0,1
Middle;925;336;64,1;-0,33;-1,2
Middle;926;337;62,7;-0,29;-1,05
Middle;927;338;62;-0,19;-0,7
Middle;928;339;61,3;-0,15;-0,55
Middle;929;340;60,9;-0,11;-0,4
Middle;930;341;60,5;-0,1;-0,35
Middle;931;342;60,2;-0,1;-0,35
Middle;932;343;59,8;-0,11;-0,4
Middle;933;344;59,4;-0,17;-0,6
Middle;934;345;58,6;-0,26;-0,95
Middle;935;346;57,5;-0,28;-1
Middle;936;347;56,6;-0,21;-0,75
Middle;937;348;56;-0,15;-0,55
Middle;938;349;55,5;-0,14;-0,5
Middle;939;350;55;-0,15;-0,55
Middle;940;351;54,4;-0,13;-0,45
Middle;941;352;54,1;-0,06;-0,2
Middle;942;353;54;-0,03;-0,1
Middle;943;354;53,9;-0,01;-0,05
Middle;944;355;53,9;0,01;0,05
Middle;945;356;54;0,04;0,15
Middle;946;357;54,2;0,14;0,5
Middle;947;358;55;0,22;0,8
Middle;948;359;55,8;0,17;0,6
Middle;949;360;56,2;0,04;0,15
Middle;950;361;56,1;-0,15;-0,55
Middle;951;362;55,1;-0,47;-1,7
Middle;952;363;52,7;-0,93;-3,35
Middle;953;364;48,4;-1,33;-4,8
Middle;954;365;43,1;-1,47;-5,3
Middle;955;366;37,8;-1,47;-5,3
Middle;956;367;32,5;-1,47;-5,3
Middle;957;368;27,2;-1,03;-3,7
Middle;958;369;25,1;-0,17;-0,6
Middle;959;370;26;0,58;2,1
Middle;960;371;29,3;1,19;4,3
Middle;961;372;34,6;1,54;5,55
Middle;962;373;40,4;1,49;5,35
Middle;963;374;45,3;1,19;4,3
Middle;964;375;49;0,81;2,9
Middle;965;376;51,1;0,43;1,55
Middle;966;377;52,1;0,15;0,55
Middle;967;378;52,2;0;0
Middle;968;379;52,1;-0,07;-0,25
Middle;969;380;51,7;-0,17;-0,6
Middle;970;381;50,9;-0,35;-1,25
Middle;971;382;49,2;-0,69;-2,5
Middle;972;383;45,9;-1,19;-4,3
Middle;973;384;40,6;-1,47;-5,3
Middle;974;385;35,3;-1,47;-5,3
Middle;975;386;30;-1,47;-5,3
Middle;976;387;24,7;-1,49;-5,35
Middle;977;388;19,3;-1,21;-4,35
Middle;978;389;16;-0,85;-3,05
Middle;979;390;13,2;-0,74;-2,65
Middle;980;391;10,7;-0,61;-2,2
Middle;981;392;8,8;-0,49;-1,75
Middle;982;393;7,2;-0,46;-1,65
Middle;983;394;5,5;-0,56;-2
Middle;984;395;3,2;-0,61;-2,2
Middle;985;396;1,1;-0,44;-1,6
Middle;986;397;0;-0,15;-0,55
Middle;987;398;0;0;0
Middle;988;399;0;0;0
Middle;989;400;0;0;0
Middle;990;401;0;0;0
Middle;991;402;0;0;0
Middle;992;403;0;0;0
Middle;993;404;0;0;0
Middle;994;405;0;0;0
Middle;995;406;0;0;0
Middle;996;407;0;0;0
Middle;997;408;0;0;0
Middle;998;409;0;0;0
Middle;999;410;0;0;0
Middle;1000;411;0;0;0
Middle;1001;412;0;0;0
Middle;1002;413;0;0;0
Middle;1003;414;0;0;0
Middle;1004;415;0;0;0
Middle;1005;416;0;0;0
Middle;1006;417;0;0;0
Middle;1007;418;0;0;0
Middle;1008;419;0;0;0
Middle;1009;420;0;0;0
Middle;1010;421;0;0;0
Middle;1011;422;0;0;0
Middle;1012;423;0;0;0
Middle;1013;424;0;0;0
Middle;1014;425;0;0;0
Middle;1015;426;0;0;0
Middle;1016;427;0;0;0
Middle;1017;428;0;0;0
Middle;1018;429;0;0;0
Middle;1019;430;0;0;0
Middle;1020;431;0;0;0
Middle;1021;432;0;0;0
Middle;1022;433;0;0;0
High;1023;1;0;0;0
High;1024;2;0;0;0
High;1025;3;0;0;0
High;1026;4;0;0,11;0,4
High;1027;5;0,8;0,5;1,8
High;1028;6;3,6;1,08;3,9
High;1029;7;8,6;1,53;5,5
High;1030;8;14,6;1,58;5,7
High;1031;9;20;1,36;4,9
High;1032;10;24,4;1,14;4,1
High;1033;11;28,2;1,01;3,65
High;1034;12;31,7;0,94;3,4
High;1035;13;35;0,82;2,95
High;1036;14;37,6;0,65;2,35
High;1037;15;39,7;0,54;1,95
High;1038;16;41,5;0,54;1,95
High;1039;17;43,6;0,63;2,25
High;1040;18;46;0,67;2,4
High;1041;19;48,4;0,63;2,25
High;1042;20;50,5;0,49;1,75
High;1043;21;51,9;0,29;1,05
High;1044;22;52,6;0,13;0,45
High;1045;23;52,8;0,04;0,15
High;1046;24;52,9;0,04;0,15
High;1047;25;53,1;0,06;0,2
High;1048;26;53,3;0;0
High;1049;27;53,1;-0,14;-0,5
High;1050;28;52,3;-0,33;-1,2
High;1051;29;50,7;-0,49;-1,75
High;1052;30;48,8;-0,58;-2,1
High;1053;31;46,5;-0,69;-2,5
High;1054;32;43,8;-0,86;-3,1
High;1055;33;40,3;-1,08;-3,9
High;1056;34;36;-1,33;-4,8
High;1057;35;30,7;-1,47;-5,3
High;1058;36;25,4;-1,35;-4,85
High;1059;37;21;-1,21;-4,35
High;1060;38;16,7;-1,06;-3,8
High;1061;39;13,4;-0,65;-2,35
High;1062;40;12;-0,18;-0,65
High;1063;41;12,1;0,11;0,4
High;1064;42;12,8;0,49;1,75
High;1065;43;15,6;0,99;3,55
High;1066;44;19,9;1,08;3,9
High;1067;45;23,4;0,65;2,35
High;1068;46;24,6;0,25;0,9
High;1069;47;25,2;0,25;0,9
High;1070;48;26,4;0,5;1,8
High;1071;49;28,8;0,75;2,7
High;1072;50;31,8;0,9;3,25
High;1073;51;35,3;1,07;3,85
High;1074;52;39,5;1,28;4,6
High;1075;53;44,5;1,36;4,9
High;1076;54;49,3;1,22;4,4
High;1077;55;53,3;0,99;3,55
High;1078;56;56,4;0,78;2,8
High;1079;57;58,9;0,67;2,4
High;1080;58;61,2;0,51;1,85
High;1081;59;62,6;0,25;0,9
High;1082;60;63;-0,01;-0,05
High;1083;61;62,5;-0,29;-1,05
High;1084;62;60,9;-0,44;-1,6
High;1085;63;59,3;-0,32;-1,15
High;1086;64;58,6;-0,1;-0,35
High;1087;65;58,6;0,01;0,05
High;1088;66;58,7;0,03;0,1
High;1089;67;58,8;0,01;0,05
High;1090;68;58,8;0;0
High;1091;69;58,8;0,04;0,15
High;1092;70;59,1;0,18;0,65
High;1093;71;60,1;0,36;1,3
High;1094;72;61,7;0,4;1,45
High;1095;73;63;0,28;1
High;1096;74;63,7;0,13;0,45
High;1097;75;63,9;-0,03;-0,1
High;1098;76;63,5;-0,22;-0,8
High;1099;77;62,3;-0,44;-1,6
High;1100;78;60,3;-0,47;-1,7
High;1101;79;58,9;-0,26;-0,95
High;1102;80;58,4;-0,01;-0,05
High;1103;81;58,8;0,25;0,9
High;1104;82;60,2;0,49;1,75
High;1105;83;62,3;0,51;1,85
High;1106;84;63,9;0,31;1,1
High;1107;85;64,5;0,07;0,25
High;1108;86;64,4;-0,14;-0,5
High;1109;87;63,5;-0,33;-1,2
High;1110;88;62;-0,32;-1,15
High;1111;89;61,2;-0,1;-0,35
High;1112;90;61,3;0,19;0,7
High;1113;91;62,6;0,56;2
High;1114;92;65,3;0,75;2,7
High;1115;93;68;0,57;2,05
High;1116;94;69,4;0,24;0,85
High;1117;95;69,7;-0,01;-0,05
High;1118;96;69,3;-0,22;-0,8
High;1119;97;68,1;-0,33;-1,2
High;1120;98;66,9;-0,26;-0,95
High;1121;99;66,2;-0,17;-0,6
High;1122;100;65,7;-0,18;-0,65
High;1123;101;64,9;-0,35;-1,25
High;1124;102;63,2;-0,64;-2,3
High;1125;103;60,3;-1,03;-3,7
High;1126;104;55,8;-1,36;-4,9
High;1127;105;50,5;-1,47;-5,3
High;1128;106;45,2;-1,44;-5,2
High;1129;107;40,1;-1,25;-4,5
High;1130;108;36,2;-1;-3,6
High;1131;109;32,9;-0,89;-3,2
High;1132;110;29,8;-0,88;-3,15
High;1133;111;26,6;-0,94;-3,4
High;1134;112;23;-1;-3,6
High;1135;113;19,4;-0,93;-3,35
High;1136;114;16,3;-0,67;-2,4
High;1137;115;14,6;-0,29;-1,05
High;1138;116;14,2;-0,04;-0,15
High;1139;117;14,3;0,06;0,2
High;1140;118;14,6;0,11;0,4
High;1141;119;15,1;0,25;0,9
High;1142;120;16,4;0,56;2
High;1143;121;19,1;0,85;3,05
High;1144;122;22,5;0,74;2,65
High;1145;123;24,4;0,32;1,15
High;1146;124;24,8;-0,24;-0,85
High;1147;125;22,7;-1,03;-3,7
High;1148;126;17,4;-1,24;-4,45
High;1149;127;13,8;-0,75;-2,7
High;1150;128;12;-0,25;-0,9
High;1151;129;12;0;0
High;1152;130;12;0,26;0,95
High;1153;131;13,9;0,94;3,4
High;1154;132;18,8;1,56;5,6
High;1155;133;25,1;1,53;5,5
High;1156;134;29,8;1,21;4,35
High;1157;135;33,8;1,17;4,2
High;1158;136;38,2;1,33;4,8
High;1159;137;43,4;1,49;5,35
High;1160;138;48,9;1,44;5,2
High;1161;139;53,8;1,24;4,45
High;1162;140;57,8;1,07;3,85
High;1163;141;61,5;1;3,6
High;1164;142;65;0,96;3,45
High;1165;143;68,4;0,92;3,3
High;1166;144;71,6;0,64;2,3
High;1167;145;73;0,38;1,35
High;1168;146;74,3;0,44;1,6
High;1169;147;76,2;0,5;1,8
High;1170;148;77,9;0,46;1,65
High;1171;149;79,5;0,43;1,55
High;1172;150;81;0,39;1,4
High;1173;151;82,3;0,35;1,25
High;1174;152;83,5;0,32;1,15
High;1175;153;84,6;0,28;1
High;1176;154;85,5;0,24;0,85
High;1177;155;86,3;0,22;0,8
High;1178;156;87,1;0,25;0,9
High;1179;157;88,1;0,28;1
High;1180;158;89,1;0,28;1
High;1181;159;90,1;0,26;0,95
High;1182;160;91;0,22;0,8
High;1183;161;91,7;0,18;0,65
High;1184;162;92,3;0,15;0,55
High;1185;163;92,8;0,11;0,4
High;1186;164;93,1;0,04;0,15
High;1187;165;93,1;0;0
High;1188;166;93,1;0;0
High;1189;167;93,1;0;0
High;1190;168;93,1;0;0
High;1191;169;93,1;0;0
High;1192;170;93,1;0;0
High;1193;171;93,1;0;0
High;1194;172;93,1;0;0
High;1195;173;93,1;0,01;0,05
High;1196;174;93,2;0,01;0,05
High;1197;175;93,2;0,01;0,05
High;1198;176;93,3;0,07;0,25
High;1199;177;93,7;0,13;0,45
High;1200;178;94,2;0,18;0,65
High;1201;179;95;0,22;0,8
High;1202;180;95,8;0,19;0,7
High;1203;181;96,4;0,14;0,5
High;1204;182;96,8;0,08;0,3
High;1205;183;97;0,04;0,15
High;1206;184;97,1;0,03;0,1
High;1207;185;97,2;0,03;0,1
High;1208;186;97,3;0,03;0,1
High;1209;187;97,4;0,01;0,05
High;1210;188;97,4;0;0
High;1211;189;97,4;0;0
High;1212;190;97,4;-0,01;-0,05
High;1213;191;97,3;-0,01;-0,05
High;1214;192;97,3;0;0
High;1215;193;97,3;0;0
High;1216;194;97,3;-0,01;-0,05
High;1217;195;97,2;-0,03;-0,1
High;1218;196;97,1;-0,03;-0,1
High;1219;197;97;-0,03;-0,1
High;1220;198;96,9;-0,04;-0,15
High;1221;199;96,7;-0,07;-0,25
High;1222;200;96,4;-0,08;-0,3
High;1223;201;96,1;-0,1;-0,35
High;1224;202;95,7;-0,08;-0,3
High;1225;203;95,5;-0,06;-0,2
High;1226;204;95,3;-0,04;-0,15
High;1227;205;95,2;-0,04;-0,15
High;1228;206;95;-0,04;-0,15
High;1229;207;94,9;-0,04;-0,15
High;1230;208;94,7;-0,06;-0,2
High;1231;209;94,5;-0,04;-0,15
High;1232;210;94,4;-0,01;-0,05
High;1233;211;94,4;-0,01;-0,05
High;1234;212;94,3;-0,01;-0,05
High;1235;213;94,3;-0,03;-0,1
High;1236;214;94,1;-0,06;-0,2
High;1237;215;93,9;-0,1;-0,35
High;1238;216;93,4;-0,15;-0,55
High;1239;217;92,8;-0,19;-0,7
High;1240;218;92;-0,21;-0,75
High;1241;219;91,3;-0,19;-0,7
High;1242;220;90,6;-0,18;-0,65
High;1243;221;90;-0,18;-0,65
High;1244;222;89,3;-0,18;-0,65
High;1245;223;88,7;-0,17;-0,6
High;1246;224;88,1;-0,18;-0,65
High;1247;225;87,4;-0,19;-0,7
High;1248;226;86,7;-0,19;-0,7
High;1249;227;86;-0,19;-0,7
High;1250;228;85,3;-0,18;-0,65
High;1251;229;84,7;-0,17;-0,6
High;1252;230;84,1;-0,17;-0,6
High;1253;231;83,5;-0,17;-0,6
High;1254;232;82,9;-0,17;-0,6
High;1255;233;82,3;-0,17;-0,6
High;1256;234;81,7;-0,17;-0,6
High;1257;235;81,1;-0,17;-0,6
High;1258;236;80,5;-0,17;-0,6
High;1259;237;79,9;-0,15;-0,55
High;1260;238;79,4;-0,13;-0,45
High;1261;239;79;-0,1;-0,35
High;1262;240;78,7;-0,04;-0,15
High;1263;241;78,7;0,01;0,05
High;1264;242;78,8;0,06;0,2
High;1265;243;79,1;0,08;0,3
High;1266;244;79,4;0,07;0,25
High;1267;245;79,6;0,06;0,2
High;1268;246;79,8;0,03;0,1
High;1269;247;79,8;-0,03;-0,1
High;1270;248;79,6;-0,07;-0,25
High;1271;249;79,3;-0,1;-0,35
High;1272;250;78,9;-0,11;-0,4
High;1273;251;78,5;-0,1;-0,35
High;1274;252;78,2;-0,08;-0,3
High;1275;253;77,9;-0,07;-0,25
High;1276;254;77,7;-0,03;-0,1
High;1277;255;77,7;0,01;0,05
High;1278;256;77,8;0,03;0,1
High;1279;257;77,9;0,04;0,15
High;1280;258;78,1;0,06;0,2
High;1281;259;78,3;0,03;0,1
High;1282;260;78,3;0,01;0,05
High;1283;261;78,4;0,01;0,05
High;1284;262;78,4;0;0
High;1285;263;78,4;-0,03;-0,1
High;1286;264;78,2;-0,06;-0,2
High;1287;265;78;-0,07;-0,25
High;1288;266;77,7;-0,1;-0,35
High;1289;267;77,3;-0,11;-0,4
High;1290;268;76,9;-0,1;-0,35
High;1291;269;76,6;-0,1;-0,35
High;1292;270;76,2;-0,12;-0,45
High;1293;271;75,7;-0,14;-0,5
High;1294;272;75,2;-0,14;-0,5
High;1295;273;74,7;-0,11;-0,4
High;1296;274;74,4;-0,06;-0,2
High;1297;275;74,3;0;0
High;1298;276;74,4;0,04;0,15
High;1299;277;74,6;0,07;0,25
High;1300;278;74,9;0,07;0,25
High;1301;279;75,1;0,06;0,2
High;1302;280;75,3;0,06;0,2
High;1303;281;75,5;0,07;0,25
High;1304;282;75,8;0,06;0,2
High;1305;283;75,9;0,03;0,1
High;1306;284;76;0,01;0,05
High;1307;285;76;0;0
High;1308;286;76;-0,01;-0,05
High;1309;287;75,9;-0,01;-0,05
High;1310;288;75,9;-0,01;-0,05
High;1311;289;75,8;-0,03;-0,1
High;1312;290;75,7;-0,04;-0,15
High;1313;291;75,5;-0,07;-0,25
High;1314;292;75,2;-0,07;-0,25
High;1315;293;75;-0,07;-0,25
High;1316;294;74,7;-0,13;-0,45
High;1317;295;74,1;-0,14;-0,5
High;1318;296;73,7;-0,11;-0,4
High;1319;297;73,3;-0,03;-0,1
High;1320;298;73,5;0,1;0,35
High;1321;299;74;0,19;0,7
High;1322;300;74,9;0,29;1,05
High;1323;301;76,1;0,39;1,4
High;1324;302;77,7;0,43;1,55
High;1325;303;79,2;0,36;1,3
High;1326;304;80,3;0,22;0,8
High;1327;305;80,8;0,1;0,35
High;1328;306;81;0,03;0,1
High;1329;307;81;0;0
High;1330;308;81;0;0
High;1331;309;81;0;0
High;1332;310;81;-0,01;-0,05
High;1333;311;80,9;-0,06;-0,2
High;1334;312;80,6;-0,08;-0,3
High;1335;313;80,3;-0,08;-0,3
High;1336;314;80;-0,06;-0,2
High;1337;315;79,9;-0,03;-0,1
High;1338;316;79,8;-0,01;-0,05
High;1339;317;79,8;0;0
High;1340;318;79,8;0,01;0,05
High;1341;319;79,9;0,03;0,1
High;1342;320;80;0,07;0,25
High;1343;321;80,4;0,11;0,4
High;1344;322;80,8;0,11;0,4
High;1345;323;81,2;0,1;0,35
High;1346;324;81,5;0,06;0,2
High;1347;325;81,6;0,01;0,05
High;1348;326;81,6;-0,03;-0,1
High;1349;327;81,4;-0,12;-0,45
High;1350;328;80,7;-0,25;-0,9
High;1351;329;79,6;-0,35;-1,25
High;1352;330;78,2;-0,39;-1,4
High;1353;331;76,8;-0,4;-1,45
High;1354;332;75,3;-0,42;-1,5
High;1355;333;73,8;-0,44;-1,6
High;1356;334;72,1;-0,5;-1,8
High;1357;335;70,2;-0,54;-1,95
High;1358;336;68,2;-0,57;-2,05
High;1359;337;66,1;-0,61;-2,2
High;1360;338;63,8;-0,62;-2,25
High;1361;339;61,6;-0,5;-1,8
High;1362;340;60,2;-0,25;-0,9
High;1363;341;59,8;0,03;0,1
High;1364;342;60,4;0,28;1
High;1365;343;61,8;0,31;1,1
High;1366;344;62,6;0,13;0,45
High;1367;345;62,7;-0,1;-0,35
High;1368;346;61,9;-0,38;-1,35
High;1369;347;60;-0,49;-1,75
High;1370;348;58,4;-0,31;-1,1
High;1371;349;57,8;-0,08;-0,3
High;1372;350;57,8;0;0
High;1373;351;57,8;-0,07;-0,25
High;1374;352;57,3;-0,22;-0,8
High;1375;353;56,2;-0,42;-1,5
High;1376;354;54,3;-0,75;-2,7
High;1377;355;50,8;-1,22;-4,4
High;1378;356;45,5;-1,47;-5,3
High;1379;357;40,2;-1,47;-5,3
High;1380;358;34,9;-1,47;-5,3
High;1381;359;29,6;-1,06;-3,8
High;1382;360;27,3;-0,04;-0,15
High;1383;361;29,3;0,78;2,8
High;1384;362;32,9;0,88;3,15
High;1385;363;35,6;0,53;1,9
High;1386;364;36,7;0,28;1
High;1387;365;37,6;0,37;1,35
High;1388;366;39,4;0,68;2,45
High;1389;367;42,5;0,99;3,55
High;1390;368;46,5;1,07;3,85
High;1391;369;50,2;0,88;3,15
High;1392;370;52,8;0,57;2,05
High;1393;371;54,3;0,29;1,05
High;1394;372;54,9;0,08;0,3
High;1395;373;54,9;-0,03;-0,1
High;1396;374;54,7;-0,11;-0,4
High;1397;375;54,1;-0,21;-0,75
High;1398;376;53,2;-0,28;-1
High;1399;377;52,1;-0,35;-1,25
High;1400;378;50,7;-0,42;-1,5
High;1401;379;49,1;-0,46;-1,65
High;1402;380;47,4;-0,54;-1,95
High;1403;381;45,2;-0,78;-2,8
High;1404;382;41,8;-1,21;-4,35
High;1405;383;36,5;-1,47;-5,3
High;1406;384;31,2;-1,24;-4,45
High;1407;385;27,6;-0,6;-2,15
High;1408;386;26,9;-0,04;-0,15
High;1409;387;27,3;0,08;0,3
High;1410;388;27,5;0,01;0,05
High;1411;389;27,4;-0,06;-0,2
High;1412;390;27,1;-0,1;-0,35
High;1413;391;26,7;-0,04;-0,15
High;1414;392;26,8;0,21;0,75
High;1415;393;28,2;0,6;2,15
High;1416;394;31,1;0,92;3,3
High;1417;395;34,8;1,01;3,65
High;1418;396;38,4;0,85;3,05
High;1419;397;40,9;0,46;1,65
High;1420;398;41,7;0;0
High;1421;399;40,9;-0,47;-1,7
High;1422;400;38,3;-0,78;-2,8
High;1423;401;35,3;-0,56;-2
High;1424;402;34,3;-0,1;-0,35
High;1425;403;34,6;0,28;1
High;1426;404;36,3;0,68;2,45
High;1427;405;39,5;0,76;2,75
High;1428;406;41,8;0,42;1,5
High;1429;407;42,5;0,01;0,05
High;1430;408;41,9;-0,33;-1,2
High;1431;409;40,1;-0,74;-2,65
High;1432;410;36,6;-1,22;-4,4
High;1433;411;31,3;-1,47;-5,3
High;1434;412;26;-1,49;-5,35
High;1435;413;20,6;-0,96;-3,45
High;1436;414;19,1;-0,13;-0,45
High;1437;415;19,7;0,28;1
High;1438;416;21,1;0,32;1,15
High;1439;417;22;0,14;0,5
High;1440;418;22,1;-0,08;-0,3
High;1441;419;21,4;-0,35;-1,25
High;1442;420;19,6;-0,43;-1,55
High;1443;421;18,3;-0,22;-0,8
High;1444;422;18;0;0
High;1445;423;18,3;0,07;0,25
High;1446;424;18,5;-0,06;-0,2
High;1447;425;17,9;-0,49;-1,75
High;1448;426;15;-1,11;-4
High;1449;427;9,9;-1,44;-5,2
High;1450;428;4,6;-1,21;-4,35
High;1451;429;1,2;-0,64;-2,3
High;1452;430;0;-0,17;-0,6
High;1453;431;0;0;0
High;1454;432;0;0;0
High;1455;433;0;0;0
High;1456;434;0;0;0
High;1457;435;0;0;0
High;1458;436;0;0;0
High;1459;437;0;0;0
High;1460;438;0;0;0
High;1461;439;0;0;0
High;1462;440;0;0;0
High;1463;441;0;0;0
High;1464;442;0;0;0
High;1465;443;0;0;0
High;1466;444;0;0;0
High;1467;445;0;0;0
High;1468;446;0;0;0
High;1469;447;0;0;0
High;1470;448;0;0;0
High;1471;449;0;0;0
High;1472;450;0;0;0
High;1473;451;0;0;0
High;1474;452;0;0;0
High;1475;453;0;0;0
High;1476;454;0;0;0
High;1477;455;0;0;0
Low;1478;0;0;0;0
Low;1479;1;0;0;0
Low;1480;2;0;0;0
Low;1481;3;0;0;0
Low;1482;4;0;0;0
Low;1483;5;0;0;0
Low;1484;6;0;0;0
Low;1485;7;0;0;0
Low;1486;8;0;0;0
Low;1487;9;0;0;0
Low;1488;10;0;0;0
Low;1489;11;0;0,03;0,1
Low;1490;12;0,2;0,24;0,85
Low;1491;13;1,7;0,72;2,6
Low;1492;14;5,4;1,14;4,1
Low;1493;15;9,9;1,07;3,85
Low;1494;16;13,1;0,97;3,5
Low;1495;17;16,9;1,19;4,3
Low;1496;18;21,7;1,26;4,55
Low;1497;19;26;0,81;2,9
Low;1498;20;27,5;0,29;1,05
Low;1499;21;28,1;0,11;0,4
Low;1500;22;28,3;0,1;0,35
Low;1501;23;28,8;0,11;0,4
Low;1502;24;29,1;0,28;1
Low;1503;25;30,8;0,39;1,4
Low;1504;26;31,9;0,46;1,65
Low;1505;27;34,1;0,65;2,35
Low;1506;28;36,6;0,69;2,5
Low;1507;29;39,1;0,65;2,35
Low;1508;30;41,3;0,47;1,7
Low;1509;31;42,5;0,28;1
Low;1510;32;43,3;0,19;0,7
Low;1511;33;43,9;0,15;0,55
Low;1512;34;44,4;0,08;0,3
Low;1513;35;44,5;-0,03;-0,1
Low;1514;36;44,2;-0,25;-0,9
Low;1515;37;42,7;-0,6;-2,15
Low;1516;38;39,9;-0,79;-2,85
Low;1517;39;37;-0,74;-2,65
Low;1518;40;34,6;-0,65;-2,35
Low;1519;41;32,3;-0,78;-2,8
Low;1520;42;29;-1;-3,6
Low;1521;43;25,1;-0,94;-3,4
Low;1522;44;22,2;-0,58;-2,1
Low;1523;45;20,9;-0,25;-0,9
Low;1524;46;20,4;-0,19;-0,7
Low;1525;47;19,5;-0,28;-1
Low;1526;48;18,4;-0,24;-0,85
Low;1527;49;17,8;-0,08;-0,3
Low;1528;50;17,8;-0,06;-0,2
Low;1529;51;17,4;-0,29;-1,05
Low;1530;52;15,7;-0,6;-2,15
Low;1531;53;13,1;-0,5;-1,8
Low;1532;54;12,1;-0,15;-0,55
Low;1533;55;12;-0,01;-0,05
Low;1534;56;12;0;0
Low;1535;57;12;0,04;0,15
Low;1536;58;12,3;0,08;0,3
Low;1537;59;12,6;0,33;1,2
Low;1538;60;14,7;0,38;1,35
Low;1539;61;15,3;0,17;0,6
Low;1540;62;15,9;0,13;0,45
Low;1541;63;16,2;0,17;0,6
Low;1542;64;17,1;0,22;0,8
Low;1543;65;17,8;0,14;0,5
Low;1544;66;18,1;0,08;0,3
Low;1545;67;18,4;0,31;1,1
Low;1546;68;20,3;0,67;2,4
Low;1547;69;23,2;0,86;3,1
Low;1548;70;26,5;0,92;3,3
Low;1549;71;29,8;0,85;3,05
Low;1550;72;32,6;0,64;2,3
Low;1551;73;34,4;0,4;1,45
Low;1552;74;35,5;0,28;1
Low;1553;75;36,4;0,26;0,95
Low;1554;76;37,4;0,29;1,05
Low;1555;77;38,5;0,26;0,95
Low;1556;78;39,3;0,14;0,5
Low;1557;79;39,5;-0,04;-0,15
Low;1558;80;39;-0,14;-0,5
Low;1559;81;38,5;-0,24;-0,85
Low;1560;82;37,3;-0,21;-0,75
Low;1561;83;37;-0,08;-0,3
Low;1562;84;36,7;-0,15;-0,55
Low;1563;85;35,9;-0,19;-0,7
Low;1564;86;35,3;-0,18;-0,65
Low;1565;87;34,6;-0,15;-0,55
Low;1566;88;34,2;-0,38;-1,35
Low;1567;89;31,9;-0,96;-3,45
Low;1568;90;27,3;-1,38;-4,95
Low;1569;91;22;-1,43;-5,15
Low;1570;92;17;-1,08;-3,9
Low;1571;93;14,2;-0,69;-2,5
Low;1572;94;12;-0,71;-2,55
Low;1573;95;9,1;-0,86;-3,1
Low;1574;96;5,8;-0,76;-2,75
Low;1575;97;3,6;-0,5;-1,8
Low;1576;98;2,2;-0,5;-1,8
Low;1577;99;0;-0,31;-1,1
Low;1578;100;0;0;0
Low;1579;101;0;0;0
Low;1580;102;0;0;0
Low;1581;103;0;0;0
Low;1582;104;0;0;0
Low;1583;105;0;0;0
Low;1584;106;0;0;0
Low;1585;107;0;0;0
Low;1586;108;0;0;0
Low;1587;109;0;0;0
Low;1588;110;0;0;0
Low;1589;111;0;0;0
Low;1590;112;0;0;0
Low;1591;113;0;0;0
Low;1592;114;0;0;0
Low;1593;115;0;0;0
Low;1594;116;0;0;0
Low;1595;117;0;0;0
Low;1596;118;0;0;0
Low;1597;119;0;0;0
Low;1598;120;0;0;0
Low;1599;121;0;0;0
Low;1600;122;0;0;0
Low;1601;123;0;0;0
Low;1602;124;0;0;0
Low;1603;125;0;0;0
Low;1604;126;0;0;0
Low;1605;127;0;0;0
Low;1606;128;0;0;0
Low;1607;129;0;0;0
Low;1608;130;0;0;0
Low;1609;131;0;0;0
Low;1610;132;0;0;0
Low;1611;133;0;0;0
Low;1612;134;0;0;0
Low;1613;135;0;0;0
Low;1614;136;0;0;0
Low;1615;137;0;0,03;0,1
Low;1616;138;0,2;0,26;0,95
Low;1617;139;1,9;0,82;2,95
Low;1618;140;6,1;1,36;4,9
Low;1619;141;11,7;1,43;5,15
Low;1620;142;16,4;1;3,6
Low;1621;143;18,9;0,49;1,75
Low;1622;144;19,9;0,26;0,95
Low;1623;145;20,8;0,4;1,45
Low;1624;146;22,8;0,64;2,3
Low;1625;147;25,4;0,68;2,45
Low;1626;148;27,7;0,53;1,9
Low;1627;149;29,2;0,29;1,05
Low;1628;150;29,8;0,03;0,1
Low;1629;151;29,4;-0,36;-1,3
Low;1630;152;27,2;-0,94;-3,4
Low;1631;153;22,6;-1,38;-4,95
Low;1632;154;17,3;-1,29;-4,65
Low;1633;155;13,3;-0,74;-2,65
Low;1634;156;12;-0,1;-0,35
Low;1635;157;12,6;0,29;1,05
Low;1636;158;14,1;0,64;2,3
Low;1637;159;17,2;0,83;3
Low;1638;160;20,1;0,86;3,1
Low;1639;161;23,4;0,75;2,7
Low;1640;162;25,5;0,58;2,1
Low;1641;163;27,6;0,56;2
Low;1642;164;29,5;0,49;1,75
Low;1643;165;31,1;0,36;1,3
Low;1644;166;32,1;0,29;1,05
Low;1645;167;33,2;0,43;1,55
Low;1646;168;35,2;0,56;2
Low;1647;169;37,2;0,39;1,4
Low;1648;170;38;0,03;0,1
Low;1649;171;37,4;-0,4;-1,45
Low;1650;172;35,1;-0,89;-3,2
Low;1651;173;31;-1,11;-4
Low;1652;174;27,1;-0,79;-2,85
Low;1653;175;25,3;-0,28;-1
Low;1654;176;25,1;0,08;0,3
Low;1655;177;25,9;0,38;1,35
Low;1656;178;27,8;0,46;1,65
Low;1657;179;29,2;0,25;0,9
Low;1658;180;29,6;0,04;0,15
Low;1659;181;29,5;-0,06;-0,2
Low;1660;182;29,2;-0,17;-0,6
Low;1661;183;28,3;-0,43;-1,55
Low;1662;184;26,1;-0,65;-2,35
Low;1663;185;23,6;-0,71;-2,55
Low;1664;186;21;-0,65;-2,35
Low;1665;187;18,9;-0,54;-1,95
Low;1666;188;17,1;-0,44;-1,6
Low;1667;189;15,7;-0,36;-1,3
Low;1668;190;14,5;-0,28;-1
Low;1669;191;13,7;-0,22;-0,8
Low;1670;192;12,9;-0,17;-0,6
Low;1671;193;12,5;-0,1;-0,35
Low;1672;194;12,2;-0,07;-0,25
Low;1673;195;12;-0,03;-0,1
Low;1674;196;12;0;0
Low;1675;197;12;0;0
Low;1676;198;12;0,07;0,25
Low;1677;199;12,5;0,14;0,5
Low;1678;200;13;0,21;0,75
Low;1679;201;14;0,28;1
Low;1680;202;15;0,35;1,25
Low;1681;203;16,5;0,56;2
Low;1682;204;19;0,65;2,35
Low;1683;205;21,2;0,67;2,4
Low;1684;206;23,8;0,79;2,85
Low;1685;207;26,9;0,81;2,9
Low;1686;208;29,6;0,71;2,55
Low;1687;209;32;0,78;2,8
Low;1688;210;35,2;0,76;2,75
Low;1689;211;37,5;0,56;2
Low;1690;212;39,2;0,42;1,5
Low;1691;213;40,5;0,33;1,2
Low;1692;214;41,6;0,36;1,3
Low;1693;215;43,1;0,47;1,7
Low;1694;216;45;0,56;2
Low;1695;217;47,1;0,56;2
Low;1696;218;49;0,49;1,75
Low;1697;219;50,6;0,39;1,4
Low;1698;220;51,8;0,29;1,05
Low;1699;221;52,7;0,18;0,65
Low;1700;222;53,1;0,11;0,4
Low;1701;223;53,5;0,1;0,35
Low;1702;224;53,8;0,1;0,35
Low;1703;225;54,2;0,14;0,5
Low;1704;226;54,8;0,15;0,55
Low;1705;227;55,3;0,14;0,5
Low;1706;228;55,8;0,13;0,45
Low;1707;229;56,2;0,1;0,35
Low;1708;230;56,5;0,04;0,15
Low;1709;231;56,5;-0,04;-0,15
Low;1710;232;56,2;-0,22;-0,8
Low;1711;233;54,9;-0,46;-1,65
Low;1712;234;52,9;-0,54;-1,95
Low;1713;235;51;-0,43;-1,55
Low;1714;236;49,8;-0,25;-0,9
Low;1715;237;49,2;-0,19;-0,7
Low;1716;238;48,4;-0,32;-1,15
Low;1717;239;46,9;-0,57;-2,05
Low;1718;240;44,3;-0,75;-2,7
Low;1719;241;41,5;-0,67;-2,4
Low;1720;242;39,5;-0,63;-2,25
Low;1721;243;37;-0,68;-2,45
Low;1722;244;34,6;-0,65;-2,35
Low;1723;245;32,3;-0,78;-2,8
Low;1724;246;29;-1;-3,6
Low;1725;247;25,1;-0,94;-3,4
Low;1726;248;22,2;-0,58;-2,1
Low;1727;249;20,9;-0,25;-0,9
Low;1728;250;20,4;-0,19;-0,7
Low;1729;251;19,5;-0,28;-1
Low;1730;252;18,4;-0,24;-0,85
Low;1731;253;17,8;-0,08;-0,3
Low;1732;254;17,8;-0,06;-0,2
Low;1733;255;17,4;-0,29;-1,05
Low;1734;256;15,7;-0,4;-1,45
Low;1735;257;14,5;-0,04;-0,15
Low;1736;258;15,4;0,47;1,7
Low;1737;259;17,9;0,72;2,6
Low;1738;260;20,6;0,74;2,65
Low;1739;261;23,2;0,71;2,55
Low;1740;262;25,7;0,76;2,75
Low;1741;263;28,7;0,94;3,4
Low;1742;264;32,5;1,03;3,7
Low;1743;265;36,1;0,9;3,25
Low;1744;266;39;0,65;2,35
Low;1745;267;40,8;0,54;1,95
Low;1746;268;42,9;0,5;1,8
Low;1747;269;44,4;0,42;1,5
Low;1748;270;45,9;0,22;0,8
Low;1749;271;46;-0,04;-0,15
Low;1750;272;45,6;-0,1;-0,35
Low;1751;273;45,3;-0,26;-0,95
Low;1752;274;43,7;-0,63;-2,25
Low;1753;275;40,8;-0,79;-2,85
Low;1754;276;38;-0,89;-3,2
Low;1755;277;34,4;-0,99;-3,55
Low;1756;278;30,9;-1,24;-4,45
Low;1757;279;25,5;-1,32;-4,75
Low;1758;280;21,4;-0,74;-2,65
Low;1759;281;20,2;0,21;0,75
Low;1760;282;22,9;0,89;3,2
Low;1761;283;26,6;1,01;3,65
Low;1762;284;30,2;1,04;3,75
Low;1763;285;34,1;1;3,6
Low;1764;286;37,4;0,92;3,3
Low;1765;287;40,7;0,92;3,3
Low;1766;288;44;0,92;3,3
Low;1767;289;47,3;0,72;2,6
Low;1768;290;49,2;0,35;1,25
Low;1769;291;49,8;0;0
Low;1770;292;49,2;-0,24;-0,85
Low;1771;293;48,1;-0,26;-0,95
Low;1772;294;47,3;-0,18;-0,65
Low;1773;295;46,8;-0,08;-0,3
Low;1774;296;46,7;0;0
Low;1775;297;46,8;0,06;0,2
Low;1776;298;47,1;0,07;0,25
Low;1777;299;47,3;0,03;0,1
Low;1778;300;47,3;-0,03;-0,1
Low;1779;301;47,1;-0,1;-0,35
Low;1780;302;46,6;-0,18;-0,65
Low;1781;303;45,8;-0,25;-0,9
Low;1782;304;44,8;-0,35;-1,25
Low;1783;305;43,3;-0,42;-1,5
Low;1784;306;41,8;-0,35;-1,25
Low;1785;307;40,8;-0,21;-0,75
Low;1786;308;40,3;-0,1;-0,35
Low;1787;309;40,1;-0,08;-0,3
Low;1788;310;39,7;-0,13;-0,45
Low;1789;311;39,2;-0,17;-0,6
Low;1790;312;38,5;-0,25;-0,9
Low;1791;313;37,4;-0,35;-1,25
Low;1792;314;36;-0,42;-1,5
Low;1793;315;34,4;-0,42;-1,5
Low;1794;316;33;-0,38;-1,35
Low;1795;317;31,7;-0,42;-1,5
Low;1796;318;30;-0,51;-1,85
Low;1797;319;28;-0,54;-1,95
Low;1798;320;26,1;-0,33;-1,2
Low;1799;321;25,6;-0,17;-0,6
Low;1800;322;24,9;-0,1;-0,35
Low;1801;323;24,9;-0,08;-0,3
Low;1802;324;24,3;-0,14;-0,5
Low;1803;325;23,9;-0,06;-0,2
Low;1804;326;23,9;-0,04;-0,15
Low;1805;327;23,6;-0,08;-0,3
Low;1806;328;23,3;-0,43;-1,55
Low;1807;329;20,5;-0,81;-2,9
Low;1808;330;17,5;-0,5;-1,8
Low;1809;331;16,9;-0,11;-0,4
Low;1810;332;16,7;-0,14;-0,5
Low;1811;333;15,9;-0,15;-0,55
Low;1812;334;15,6;-0,13;-0,45
Low;1813;335;15;-0,15;-0,55
Low;1814;336;14,5;-0,1;-0,35
Low;1815;337;14,3;0;0
Low;1816;338;14,5;0,15;0,55
Low;1817;339;15,4;0,46;1,65
Low;1818;340;17,8;0,79;2,85
Low;1819;341;21,1;0,88;3,15
Low;1820;342;24,1;0,54;1,95
Low;1821;343;25;0,17;0,6
Low;1822;344;25,3;0,07;0,25
Low;1823;345;25,5;0,15;0,55
Low;1824;346;26,4;0,15;0,55
Low;1825;347;26,6;0,1;0,35
Low;1826;348;27,1;0,15;0,55
Low;1827;349;27,7;0,14;0,5
Low;1828;350;28,1;0,07;0,25
Low;1829;351;28,2;0;0
Low;1830;352;28,1;-0,03;-0,1
Low;1831;353;28;-0,03;-0,1
Low;1832;354;27,9;-0,01;-0,05
Low;1833;355;27,9;0,03;0,1
Low;1834;356;28,1;0,04;0,15
Low;1835;357;28,2;-0,01;-0,05
Low;1836;358;28;-0,18;-0,65
Low;1837;359;26,9;-0,42;-1,5
Low;1838;360;25;-0,51;-1,85
Low;1839;361;23,2;-0,43;-1,55
Low;1840;362;21,9;-0,29;-1,05
Low;1841;363;21,1;-0,17;-0,6
Low;1842;364;20,7;-0,06;-0,2
Low;1843;365;20,7;0,01;0,05
Low;1844;366;20,8;0,07;0,25
Low;1845;367;21,2;0,18;0,65
Low;1846;368;22,1;0,32;1,15
Low;1847;369;23,5;0,31;1,1
Low;1848;370;24,3;0,14;0,5
Low;1849;371;24,5;-0,07;-0,25
Low;1850;372;23,8;-0,44;-1,6
Low;1851;373;21,3;-0,85;-3,05
Low;1852;374;17,7;-0,96;-3,45
Low;1853;375;14,4;-0,81;-2,9
Low;1854;376;11,9;-0,58;-2,1
Low;1855;377;10,2;-0,42;-1,5
Low;1856;378;8,9;-0,31;-1,1
Low;1857;379;8;-0,24;-0,85
Low;1858;380;7,2;-0,26;-0,95
Low;1859;381;6,1;-0,32;-1,15
Low;1860;382;4,9;-0,33;-1,2
Low;1861;383;3,7;-0,36;-1,3
Low;1862;384;2,3;-0,39;-1,4
Low;1863;385;0,9;-0,32;-1,15
Low;1864;386;0;-0,13;-0,45
Low;1865;387;0;0;0
Low;1866;388;0;0;0
Low;1867;389;0;0;0
Low;1868;390;0;0;0
Low;1869;391;0;0,07;0,25
Low;1870;392;0,5;0,29;1,05
Low;1871;393;2,1;0,6;2,15
Low;1872;394;4,8;0,86;3,1
Low;1873;395;8,3;1,04;3,75
Low;1874;396;12,3;1,15;4,15
Low;1875;397;16,6;1,19;4,3
Low;1876;398;20,9;1,06;3,8
Low;1877;399;24,2;0,65;2,35
Low;1878;400;25,6;0,19;0,7
Low;1879;401;25,6;-0,1;-0,35
Low;1880;402;24,9;-0,32;-1,15
Low;1881;403;23,3;-0,46;-1,65
Low;1882;404;21,6;-0,43;-1,55
Low;1883;405;20,2;-0,4;-1,45
Low;1884;406;18,7;-0,44;-1,6
Low;1885;407;17;-0,47;-1,7
Low;1886;408;15,3;-0,39;-1,4
Low;1887;409;14,2;-0,19;-0,7
Low;1888;410;13,9;-0,03;-0,1
Low;1889;411;14;0,04;0,15
Low;1890;412;14,2;0,07;0,25
Low;1891;413;14,5;0,1;0,35
Low;1892;414;14,9;0,19;0,7
Low;1893;415;15,9;0,35;1,25
Low;1894;416;17,4;0,39;1,4
Low;1895;417;18,7;0,24;0,85
Low;1896;418;19,1;0,01;0,05
Low;1897;419;18,8;-0,21;-0,75
Low;1898;420;17,6;-0,31;-1,1
Low;1899;421;16,6;-0,19;-0,7
Low;1900;422;16,2;-0,03;-0,1
Low;1901;423;16,4;0,14;0,5
Low;1902;424;17,2;0,38;1,35
Low;1903;425;19,1;0,75;2,7
Low;1904;426;22,6;1,15;4,15
Low;1905;427;27,4;1,25;4,5
Low;1906;428;31,6;0,83;3
Low;1907;429;33,4;0,26;0,95
Low;1908;430;33,5;-0,08;-0,3
Low;1909;431;32,8;-0,22;-0,8
Low;1910;432;31,9;-0,21;-0,75
Low;1911;433;31,3;-0,11;-0,4
Low;1912;434;31,1;-0,1;-0,35
Low;1913;435;30,6;-0,26;-0,95
Low;1914;436;29,2;-0,54;-1,95
Low;1915;437;26,7;-0,86;-3,1
Low;1916;438;23;-1,18;-4,25
Low;1917;439;18,2;-1,4;-5,05
Low;1918;440;12,9;-1,46;-5,25
Low;1919;441;7,7;-1,26;-4,55
Low;1920;442;3,8;-0,89;-3,2
Low;1921;443;1,3;-0,5;-1,8
Low;1922;444;0,2;-0,18;-0,65
Low;1923;445;0;-0,03;-0,1
Low;1924;446;0;0;0
Low;1925;447;0;0;0
Low;1926;448;0;0;0
Low;1927;449;0;0;0
Low;1928;450;0;0;0
Low;1929;451;0;0;0
Low;1930;452;0;0;0
Low;1931;453;0;0;0
Low;1932;454;0;0;0
Low;1933;455;0;0;0
Low;1934;456;0;0;0
Low;1935;457;0;0;0
Low;1936;458;0;0;0
Low;1937;459;0;0;0
Low;1938;460;0;0;0
Low;1939;461;0;0;0
Low;1940;462;0;0;0
Low;1941;463;0;0;0
Low;1942;464;0;0;0
Low;1943;465;0;0;0
Low;1944;466;0;0;0
Low;1945;467;0;0;0
Low;1946;468;0;0;0
Low;1947;469;0;0;0
Low;1948;470;0;0;0
Low;1949;471;0;0;0
Low;1950;472;0;0;0
Low;1951;473;0;0;0
Low;1952;474;0;0;0
Low;1953;475;0;0;0
Low;1954;476;0;0;0
Low;1955;477;0;0;0
Low;1956;478;0;0;0
Low;1957;479;0;0;0
Low;1958;480;0;0;0
Low;1959;481;0;0;0
Low;1960;482;0;0;0
Low;1961;483;0;0;0
Low;1962;484;0;0;0
Low;1963;485;0;0;0
Low;1964;486;0;0;0
Low;1965;487;0;0;0
Low;1966;488;0;0;0
Low;1967;489;0;0;0
Low;1968;490;0;0;0
Low;1969;491;0;0;0
Low;1970;492;0;0;0
Low;1971;493;0;0;0
Low;1972;494;0;0;0
Low;1973;495;0;0;0
Low;1974;496;0;0;0
Low;1975;497;0;0;0
Low;1976;498;0;0;0
Low;1977;499;0;0;0
Low;1978;500;0;0;0
Low;1979;501;0;0;0
Low;1980;502;0;0;0
Low;1981;503;0;0;0
Low;1982;504;0;0;0
Low;1983;505;0;0;0
Low;1984;506;0;0;0
Low;1985;507;0;0;0
Low;1986;508;0;0;0
Low;1987;509;0;0;0
Low;1988;510;0;0;0
Low;1989;511;0;0,07;0,25
Low;1990;512;0,5;0,35;1,25
Low;1991;513;2,5;0,85;3,05
Low;1992;514;6,6;1,29;4,65
Low;1993;515;11,8;1,42;5,1
Low;1994;516;16,8;1,21;4,35
Low;1995;517;20,5;0,71;2,55
Low;1996;518;21,9;0,19;0,7
Low;1997;519;21,9;-0,08;-0,3
Low;1998;520;21,3;-0,22;-0,8
Low;1999;521;20,3;-0,29;-1,05
Low;2000;522;19,2;-0,35;-1,25
Low;2001;523;17,8;-0,51;-1,85
Low;2002;524;15,5;-0,82;-2,95
Low;2003;525;11,9;-1,1;-3,95
Low;2004;526;7,6;-1,1;-3,95
Low;2005;527;4;-0,78;-2,8
Low;2006;528;2;-0,42;-1,5
Low;2007;529;1;-0,28;-1
Low;2008;530;0;-0,14;-0,5
Low;2009;531;0;0;0
Low;2010;532;0;0,03;0,1
Low;2011;533;0,2;0,17;0,6
Low;2012;534;1,2;0,42;1,5
Low;2013;535;3,2;0,56;2
Low;2014;536;5,2;0,69;2,5
Low;2015;537;8,2;1,08;3,9
Low;2016;538;13;1,47;5,3
Low;2017;539;18,8;1,4;5,05
Low;2018;540;23,1;0,79;2,85
Low;2019;541;24,5;0,19;0,7
Low;2020;542;24,5;-0,03;-0,1
Low;2021;543;24,3;-0,13;-0,45
Low;2022;544;23,6;-0,28;-1
Low;2023;545;22,3;-0,49;-1,75
Low;2024;546;20,1;-0,53;-1,9
Low;2025;547;18,5;-0,4;-1,45
Low;2026;548;17,2;-0,31;-1,1
Low;2027;549;16,3;-0,25;-0,9
Low;2028;550;15,4;-0,22;-0,8
Low;2029;551;14,7;-0,15;-0,55
Low;2030;552;14,3;-0,14;-0,5
Low;2031;553;13,7;-0,14;-0,5
Low;2032;554;13,3;-0,08;-0,3
Low;2033;555;13,1;-0,03;-0,1
Low;2034;556;13,1;0,03;0,1
Low;2035;557;13,3;0,1;0,35
Low;2036;558;13,8;0,17;0,6
Low;2037;559;14,5;0,38;1,35
Low;2038;560;16,5;0,35;1,25
Low;2039;561;17;0,07;0,25
Low;2040;562;17;0;0
Low;2041;563;17;-0,22;-0,8
Low;2042;564;15,4;-0,96;-3,45
Low;2043;565;10,1;-1,47;-5,3
Low;2044;566;4,8;-1,4;-5,05
Low;2045;567;0;-0,67;-2,4
Low;2046;568;0;0;0
Low;2047;569;0;0;0
Low;2048;570;0;0;0
Low;2049;571;0;0;0
Low;2050;572;0;0;0
Low;2051;573;0;0;0
Low;2052;574;0;0;0
Low;2053;575;0;0;0
Low;2054;576;0;0;0
Low;2055;577;0;0;0
Low;2056;578;0;0;0
Low;2057;579;0;0;0
Low;2058;580;0;0;0
Low;2059;581;0;0;0
Low;2060;582;0;0;0
Low;2061;583;0;0;0
Low;2062;584;0;0;0
Low;2063;585;0;0;0
Low;2064;586;0;0;0
Low;2065;587;0;0;0
Low;2066;588;0;0;0
Low;2067;589;0;0;0
